{
  "schema_version": "1",
  "tool_version": "0.1.0",
  "host": {
    "platform": "Linux-6.17.0-1015-azure-x86_64-with-glibc2.39",
    "machine": "x86_64",
    "processor": "x86_64",
    "python": "3.11.15",
    "system": "Linux",
    "cpu_model": "AMD EPYC 7763 64-Core Processor"
  },
  "params": {
    "iters": 30,
    "warmup": 3,
    "msg_size": 256,
    "collect_raw": false
  },
  "results": [
    {
      "algorithm": "ECDSA-P256",
      "kind": "sign",
      "family": "ECDSA",
      "nist_level": "~L1 (128-bit)",
      "sig_size": 71,
      "pubkey_size": 65,
      "privkey_size": 138,
      "shared_secret_size": 0,
      "keygen_ms_p50": 0.031113500000000002,
      "keygen_ms_p95": 0.0366382,
      "keygen_ms_mean": 0.03237843333333333,
      "keygen_ms_std": 0.003731746094286456,
      "op1_ms_p50": 0.0302965,
      "op1_ms_p95": 0.03686425,
      "op1_ms_mean": 0.031348233333333336,
      "op1_ms_std": 0.003193777248372564,
      "op2_ms_p50": 0.07444450000000001,
      "op2_ms_p95": 0.09479855,
      "op2_ms_mean": 0.07777406666666667,
      "op2_ms_std": 0.008261870437672628,
      "iters": 30,
      "raw_keygen_ms": [],
      "raw_op1_ms": [],
      "raw_op2_ms": []
    },
    {
      "algorithm": "ECDSA-BP256r1",
      "kind": "sign",
      "family": "ECDSA",
      "nist_level": "~L1 (128-bit)",
      "sig_size": 70,
      "pubkey_size": 65,
      "privkey_size": 139,
      "shared_secret_size": 0,
      "keygen_ms_p50": 0.38753899999999997,
      "keygen_ms_p95": 0.42245259999999996,
      "keygen_ms_mean": 0.3890170666666667,
      "keygen_ms_std": 0.016391951264636623,
      "op1_ms_p50": 0.3845635,
      "op1_ms_p95": 0.40850220000000004,
      "op1_ms_mean": 0.3854012666666667,
      "op1_ms_std": 0.010513673335022138,
      "op2_ms_p50": 0.370908,
      "op2_ms_p95": 0.39198405,
      "op2_ms_mean": 0.3733164,
      "op2_ms_std": 0.008628951143679052,
      "iters": 30,
      "raw_keygen_ms": [],
      "raw_op1_ms": [],
      "raw_op2_ms": []
    },
    {
      "algorithm": "ECDSA-BP384r1",
      "kind": "sign",
      "family": "ECDSA",
      "nist_level": "~L3 (192-bit)",
      "sig_size": 102,
      "pubkey_size": 97,
      "privkey_size": 189,
      "shared_secret_size": 0,
      "keygen_ms_p50": 0.8660730000000001,
      "keygen_ms_p95": 0.87784465,
      "keygen_ms_mean": 0.8658773666666667,
      "keygen_ms_std": 0.007327967296521521,
      "op1_ms_p50": 0.897422,
      "op1_ms_p95": 0.9159985,
      "op1_ms_mean": 0.8981980333333334,
      "op1_ms_std": 0.009457351981336475,
      "op2_ms_p50": 0.7826875,
      "op2_ms_p95": 0.8061193499999999,
      "op2_ms_mean": 0.7869067,
      "op2_ms_std": 0.010722497016864427,
      "iters": 30,
      "raw_keygen_ms": [],
      "raw_op1_ms": [],
      "raw_op2_ms": []
    },
    {
      "algorithm": "ML-DSA-44",
      "kind": "sign",
      "family": "ML-DSA",
      "nist_level": "NIST L2",
      "sig_size": 2420,
      "pubkey_size": 1312,
      "privkey_size": 2560,
      "shared_secret_size": 0,
      "keygen_ms_p50": 0.102161,
      "keygen_ms_p95": 0.14254325,
      "keygen_ms_mean": 0.10832916666666667,
      "keygen_ms_std": 0.013310462736968318,
      "op1_ms_p50": 0.374184,
      "op1_ms_p95": 1.1743984,
      "op1_ms_mean": 0.47321230000000003,
      "op1_ms_std": 0.31887911683312953,
      "op2_ms_p50": 0.1152055,
      "op2_ms_p95": 0.12755605,
      "op2_ms_mean": 0.1180993,
      "op2_ms_std": 0.005936126291053227,
      "iters": 30,
      "raw_keygen_ms": [],
      "raw_op1_ms": [],
      "raw_op2_ms": []
    },
    {
      "algorithm": "ML-DSA-65",
      "kind": "sign",
      "family": "ML-DSA",
      "nist_level": "NIST L3",
      "sig_size": 3309,
      "pubkey_size": 1952,
      "privkey_size": 4032,
      "shared_secret_size": 0,
      "keygen_ms_p50": 0.1844595,
      "keygen_ms_p95": 0.20055875,
      "keygen_ms_mean": 0.18778163333333334,
      "keygen_ms_std": 0.007102889372095149,
      "op1_ms_p50": 0.6100095,
      "op1_ms_p95": 1.6822030499999998,
      "op1_ms_mean": 0.7748214333333333,
      "op1_ms_std": 0.475425346396374,
      "op2_ms_p50": 0.185596,
      "op2_ms_p95": 0.19543950000000002,
      "op2_ms_mean": 0.18758343333333333,
      "op2_ms_std": 0.003847704594372542,
      "iters": 30,
      "raw_keygen_ms": [],
      "raw_op1_ms": [],
      "raw_op2_ms": []
    },
    {
      "algorithm": "ML-DSA-87",
      "kind": "sign",
      "family": "ML-DSA",
      "nist_level": "NIST L5",
      "sig_size": 4627,
      "pubkey_size": 2592,
      "privkey_size": 4896,
      "shared_secret_size": 0,
      "keygen_ms_p50": 0.281581,
      "keygen_ms_p95": 0.2925910500000001,
      "keygen_ms_mean": 0.2843467,
      "keygen_ms_std": 0.005925511061784746,
      "op1_ms_p50": 0.7708299999999999,
      "op1_ms_p95": 1.8581370000000001,
      "op1_ms_mean": 0.9109542666666668,
      "op1_ms_std": 0.705113147288903,
      "op2_ms_p50": 0.29985,
      "op2_ms_p95": 0.31971305,
      "op2_ms_mean": 0.30403353333333333,
      "op2_ms_std": 0.010845139426592097,
      "iters": 30,
      "raw_keygen_ms": [],
      "raw_op1_ms": [],
      "raw_op2_ms": []
    },
    {
      "algorithm": "Falcon-512",
      "kind": "sign",
      "family": "Falcon",
      "nist_level": "NIST L1",
      "sig_size": 654,
      "pubkey_size": 897,
      "privkey_size": 1281,
      "shared_secret_size": 0,
      "keygen_ms_p50": 12.907034,
      "keygen_ms_p95": 22.052142449999998,
      "keygen_ms_mean": 14.116188733333335,
      "keygen_ms_std": 3.6084158218213704,
      "op1_ms_p50": 4.3594745,
      "op1_ms_p95": 4.475424150000001,
      "op1_ms_mean": 4.3784266333333335,
      "op1_ms_std": 0.07408608561058476,
      "op2_ms_p50": 0.0500235,
      "op2_ms_p95": 0.05957149999999999,
      "op2_ms_mean": 0.0520259,
      "op2_ms_std": 0.004817399722879553,
      "iters": 30,
      "raw_keygen_ms": [],
      "raw_op1_ms": [],
      "raw_op2_ms": []
    },
    {
      "algorithm": "Falcon-1024",
      "kind": "sign",
      "family": "Falcon",
      "nist_level": "NIST L5",
      "sig_size": 1267,
      "pubkey_size": 1793,
      "privkey_size": 2305,
      "shared_secret_size": 0,
      "keygen_ms_p50": 38.353050499999995,
      "keygen_ms_p95": 62.80226619999999,
      "keygen_ms_mean": 42.502174,
      "keygen_ms_std": 11.266933601595843,
      "op1_ms_p50": 9.510717499999998,
      "op1_ms_p95": 9.9134891,
      "op1_ms_mean": 9.5819322,
      "op1_ms_std": 0.22148528539121223,
      "op2_ms_p50": 0.098078,
      "op2_ms_p95": 0.10917209999999998,
      "op2_ms_mean": 0.10030109999999999,
      "op2_ms_std": 0.005782723852707015,
      "iters": 30,
      "raw_keygen_ms": [],
      "raw_op1_ms": [],
      "raw_op2_ms": []
    },
    {
      "algorithm": "SLH-DSA-128s",
      "kind": "sign",
      "family": "SLH-DSA",
      "nist_level": "NIST L1",
      "sig_size": 7856,
      "pubkey_size": 32,
      "privkey_size": 64,
      "shared_secret_size": 0,
      "keygen_ms_p50": 95.23502249999999,
      "keygen_ms_p95": 95.62986390000002,
      "keygen_ms_mean": 95.3086164,
      "keygen_ms_std": 0.23087380260416474,
      "op1_ms_p50": 723.2848604999999,
      "op1_ms_p95": 743.65804625,
      "op1_ms_mean": 726.7106730333333,
      "op1_ms_std": 10.864141091936933,
      "op2_ms_p50": 0.730471,
      "op2_ms_p95": 0.8044836499999999,
      "op2_ms_mean": 0.7715601666666666,
      "op2_ms_std": 0.19662591236645002,
      "iters": 30,
      "raw_keygen_ms": [],
      "raw_op1_ms": [],
      "raw_op2_ms": []
    },
    {
      "algorithm": "SLH-DSA-128f",
      "kind": "sign",
      "family": "SLH-DSA",
      "nist_level": "NIST L1",
      "sig_size": 17088,
      "pubkey_size": 32,
      "privkey_size": 64,
      "shared_secret_size": 0,
      "keygen_ms_p50": 1.4610819999999998,
      "keygen_ms_p95": 1.4762221000000002,
      "keygen_ms_mean": 1.4614103666666667,
      "keygen_ms_std": 0.008441239863445539,
      "op1_ms_p50": 34.1695545,
      "op1_ms_p95": 34.2417192,