{
  "schema_version": "1",
  "tool_version": "0.1.0",
  "host": {
    "platform": "Linux-6.14.0-1017-azure-aarch64-with-glibc2.39",
    "machine": "aarch64",
    "processor": "aarch64",
    "python": "3.11.15",
    "system": "Linux"
  },
  "params": {
    "iters": 30,
    "warmup": 3,
    "msg_size": 256,
    "collect_raw": false
  },
  "results": [
    {
      "algorithm": "ECDSA-P256",
      "kind": "sign",
      "family": "ECDSA",
      "nist_level": "~L1 (128-bit)",
      "sig_size": 70,
      "pubkey_size": 65,
      "privkey_size": 138,
      "shared_secret_size": 0,
      "keygen_ms_p50": 0.0253245,
      "keygen_ms_p95": 0.0314162,
      "keygen_ms_mean": 0.027225166666666665,
      "keygen_ms_std": 0.00633839488663249,
      "op1_ms_p50": 0.024381,
      "op1_ms_p95": 0.0316042,
      "op1_ms_mean": 0.02533806666666667,
      "op1_ms_std": 0.002523715249829549,
      "op2_ms_p50": 0.06655000000000001,
      "op2_ms_p95": 0.07425040000000001,
      "op2_ms_mean": 0.06792390000000001,
      "op2_ms_std": 0.003969390501911682,
      "iters": 30,
      "raw_keygen_ms": [],
      "raw_op1_ms": [],
      "raw_op2_ms": []
    },
    {
      "algorithm": "ECDSA-BP256r1",
      "kind": "sign",
      "family": "ECDSA",
      "nist_level": "~L1 (128-bit)",
      "sig_size": 71,
      "pubkey_size": 65,
      "privkey_size": 139,
      "shared_secret_size": 0,
      "keygen_ms_p50": 0.247268,
      "keygen_ms_p95": 0.2565768,
      "keygen_ms_mean": 0.24941316666666669,
      "keygen_ms_std": 0.0046583691644418,
      "op1_ms_p50": 0.2500045,
      "op1_ms_p95": 0.2558686,
      "op1_ms_mean": 0.2506000333333333,
      "op1_ms_std": 0.0038238729100510413,
      "op2_ms_p50": 0.24532799999999996,
      "op2_ms_p95": 0.2498204,
      "op2_ms_mean": 0.24570626666666667,
      "op2_ms_std": 0.0023371961112029576,
      "iters": 30,
      "raw_keygen_ms": [],
      "raw_op1_ms": [],
      "raw_op2_ms": []
    },
    {
      "algorithm": "ECDSA-BP384r1",
      "kind": "sign",
      "family": "ECDSA",
      "nist_level": "~L3 (192-bit)",
      "sig_size": 103,
      "pubkey_size": 97,
      "privkey_size": 189,
      "shared_secret_size": 0,
      "keygen_ms_p50": 0.7510370000000001,
      "keygen_ms_p95": 0.75601895,
      "keygen_ms_mean": 0.7506644666666668,
      "keygen_ms_std": 0.0031475901865112943,
      "op1_ms_p50": 0.777693,
      "op1_ms_p95": 0.7873514499999998,
      "op1_ms_mean": 0.7794781333333334,
      "op1_ms_std": 0.00788000383558847,
      "op2_ms_p50": 0.6738460000000001,
      "op2_ms_p95": 0.68005405,
      "op2_ms_mean": 0.6736961666666667,
      "op2_ms_std": 0.004654483802982056,
      "iters": 30,
      "raw_keygen_ms": [],
      "raw_op1_ms": [],
      "raw_op2_ms": []
    },
    {
      "algorithm": "ML-DSA-44",
      "kind": "sign",
      "family": "ML-DSA",
      "nist_level": "NIST L2",
      "sig_size": 2420,
      "pubkey_size": 1312,
      "privkey_size": 2560,
      "shared_secret_size": 0,
      "keygen_ms_p50": 0.07177850000000001,
      "keygen_ms_p95": 0.07675920000000001,
      "keygen_ms_mean": 0.07271863333333334,
      "keygen_ms_std": 0.003623673085726997,
      "op1_ms_p50": 0.2664165,
      "op1_ms_p95": 0.6542275500000001,
      "op1_ms_mean": 0.2988325666666667,
      "op1_ms_std": 0.16254568140078515,
      "op2_ms_p50": 0.08049500000000001,
      "op2_ms_p95": 0.08426180000000001,
      "op2_ms_mean": 0.08116996666666666,
      "op2_ms_std": 0.002158426517679539,
      "iters": 30,
      "raw_keygen_ms": [],
      "raw_op1_ms": [],
      "raw_op2_ms": []
    },
    {
      "algorithm": "ML-DSA-65",
      "kind": "sign",
      "family": "ML-DSA",
      "nist_level": "NIST L3",
      "sig_size": 3309,
      "pubkey_size": 1952,
      "privkey_size": 4032,
      "shared_secret_size": 0,
      "keygen_ms_p50": 0.126904,
      "keygen_ms_p95": 0.12955200000000003,
      "keygen_ms_mean": 0.1273855,
      "keygen_ms_std": 0.0015654720427611187,
      "op1_ms_p50": 0.36125149999999995,
      "op1_ms_p95": 0.86925115,
      "op1_ms_mean": 0.4292646666666667,
      "op1_ms_std": 0.21721031622022213,
      "op2_ms_p50": 0.12722,
      "op2_ms_p95": 0.13011974999999998,
      "op2_ms_mean": 0.12772336666666667,
      "op2_ms_std": 0.001155427900053577,
      "iters": 30,
      "raw_keygen_ms": [],
      "raw_op1_ms": [],
      "raw_op2_ms": []
    },
    {
      "algorithm": "ML-DSA-87",
      "kind": "sign",
      "family": "ML-DSA",
      "nist_level": "NIST L5",
      "sig_size": 4627,
      "pubkey_size": 2592,
      "privkey_size": 4896,
      "shared_secret_size": 0,
      "keygen_ms_p50": 0.194466,
      "keygen_ms_p95": 0.19848405,
      "keygen_ms_mean": 0.1949725,
      "keygen_ms_std": 0.0017732220720109075,
      "op1_ms_p50": 0.428106,
      "op1_ms_p95": 0.9840648999999998,
      "op1_ms_mean": 0.5184990333333332,
      "op1_ms_std": 0.22117375442752144,
      "op2_ms_p50": 0.206671,
      "op2_ms_p95": 0.20937940000000002,
      "op2_ms_mean": 0.20740623333333333,
      "op2_ms_std": 0.0017101989491154419,
      "iters": 30,
      "raw_keygen_ms": [],
      "raw_op1_ms": [],
      "raw_op2_ms": []
    },
    {
      "algorithm": "Falcon-512",
      "kind": "sign",
      "family": "Falcon",
      "nist_level": "NIST L1",
      "sig_size": 656,
      "pubkey_size": 897,
      "privkey_size": 1281,
      "shared_secret_size": 0,
      "keygen_ms_p50": 10.667488,
      "keygen_ms_p95": 17.3704087,
      "keygen_ms_mean": 12.132184666666666,
      "keygen_ms_std": 3.8857435377464835,
      "op1_ms_p50": 3.8331530000000003,
      "op1_ms_p95": 3.8435816000000003,
      "op1_ms_mean": 3.8325884333333335,
      "op1_ms_std": 0.008748202191244154,
      "op2_ms_p50": 0.035869,
      "op2_ms_p95": 0.037163400000000006,
      "op2_ms_mean": 0.03603286666666667,
      "op2_ms_std": 0.0005262264235943398,
      "iters": 30,
      "raw_keygen_ms": [],
      "raw_op1_ms": [],
      "raw_op2_ms": []
    },
    {
      "algorithm": "Falcon-1024",
      "kind": "sign",
      "family": "Falcon",
      "nist_level": "NIST L5",
      "sig_size": 1271,
      "pubkey_size": 1793,
      "privkey_size": 2305,
      "shared_secret_size": 0,
      "keygen_ms_p50": 32.4713105,
      "keygen_ms_p95": 49.08572175,
      "keygen_ms_mean": 34.65479573333333,
      "keygen_ms_std": 12.436574692050746,
      "op1_ms_p50": 8.364713,
      "op1_ms_p95": 8.3906798,
      "op1_ms_mean": 8.363869933333334,
      "op1_ms_std": 0.019078590648391368,
      "op2_ms_p50": 0.06981799999999999,
      "op2_ms_p95": 0.0716048,
      "op2_ms_mean": 0.0702292,
      "op2_ms_std": 0.0010686203691364544,
      "iters": 30,
      "raw_keygen_ms": [],
      "raw_op1_ms": [],
      "raw_op2_ms": []
    },
    {
      "algorithm": "SLH-DSA-128s",
      "kind": "sign",
      "family": "SLH-DSA",
      "nist_level": "NIST L1",
      "sig_size": 7856,
      "pubkey_size": 32,
      "privkey_size": 64,
      "shared_secret_size": 0,
      "keygen_ms_p50": 64.8643975,
      "keygen_ms_p95": 64.93672735,
      "keygen_ms_mean": 64.88038386666668,
      "keygen_ms_std": 0.03620885463873231,
      "op1_ms_p50": 492.7944595,
      "op1_ms_p95": 493.1145295,
      "op1_ms_mean": 492.8600428666667,
      "op1_ms_std": 0.14467469996829307,
      "op2_ms_p50": 0.4967285,
      "op2_ms_p95": 0.5135842,
      "op2_ms_mean": 0.4943972333333333,
      "op2_ms_std": 0.014602506569497657,
      "iters": 30,
      "raw_keygen_ms": [],
      "raw_op1_ms": [],
      "raw_op2_ms": []
    },
    {
      "algorithm": "SLH-DSA-128f",
      "kind": "sign",
      "family": "SLH-DSA",
      "nist_level": "NIST L1",
      "sig_size": 17088,
      "pubkey_size": 32,
      "privkey_size": 64,
      "shared_secret_size": 0,
      "keygen_ms_p50": 1.016367,
      "keygen_ms_p95": 1.01969295,
      "keygen_ms_mean": 1.0168234666666667,
      "keygen_ms_std": 0.0015604583671330484,
      "op1_ms_p50": 23.762876499999997,
      "op1_ms_p95": 23.775368999999998,